owner_id,full_name,seller_num_sales,seller_avg_sale_price,seller_min_sale_price,seller_max_sale_price,seller_total_sales_value,seller_std_sale_price,seller_gift_sales_ratio,buyer_num_purchases,buyer_avg_purchase_price,buyer_min_purchase_price,buyer_max_purchase_price,buyer_total_purchases_value,buyer_std_purchase_price,identity_group,is_corporate,is_foreign_resident,is_involved_in_fraud,involvement_type,risk_score
1,David Cohen,0.0,0.0,0.0,0.0,0.0,0.0,0.0,2.0,1841.83215,51.6188,3632.0454999999997,1213498.77,2531.743999111372,FOREIGN,0,1,0,none,91.0
2,Moshe Levy,4.0,60.52232708333334,0.6836166666666667,184.63013333333333,231449.8,84.61995603767595,0.25,1.0,894.0942666666667,894.0942666666667,894.0942666666667,536456.56,0.0,FOREIGN,0,1,0,none,99.0
3,Yosef Mizrahi,5.0,754.7662225,106.05452083333334,2631.8151333333335,1672856.53,1074.550023682875,0.4,3.0,386.6349611111111,150.9197,683.3492,490938.17000000004,271.40550765416106,FOREIGN,0,1,1,seller,96.0
4,Lina Bishara,0.0,0.0,0.0,0.0,0.0,0.0,0.0,2.0,61.59730416666667,52.73224166666667,70.46236666666667,84417.4,12.537091618785137,FOREIGN,0,1,0,none,77.0
5,Emirates Land Group,0.0,0.0,0.0,0.0,0.0,0.0,0.0,4.0,1773.0552979166669,151.50855,5642.926866666667,2746762.89,2621.6620723243605,FOREIGN,1,1,0,none,84.0
6,Ziad Abu Ayyash,0.0,0.0,0.0,0.0,0.0,0.0,0.0,6.0,2114.030052083333,153.94149166666668,8165.605716666666,8047116.25,3083.9662425644765,FOREIGN,0,1,0,none,72.0
7,Jordan Real Estate LLC,0.0,0.0,0.0,0.0,0.0,0.0,0.0,0.0,0.0,0.0,0.0,0.0,0.0,FOREIGN,1,1,0,none,81.0
8,Raed Nabulsi,0.0,0.0,0.0,0.0,0.0,0.0,0.0,1.0,154.29755833333334,154.29755833333334,154.29755833333334,185157.07,0.0,FOREIGN,0,1,0,none,65.0
9,Hiba Irshaid,0.0,0.0,0.0,0.0,0.0,0.0,0.0,4.0,167.86801041666666,12.788933333333333,549.1490416666667,882466.25,255.41526294157836,FOREIGN,0,1,1,buyer,88.0
10,Maryam Rimawi,1.0,72.22875,72.22875,72.22875,43337.25,0.0,0.0,2.0,3127.5516749999997,1589.2034083333333,4665.899941666667,7506124.02,2175.5529823731426,FOREIGN,0,1,0,none,75.0
11,Jad Zubaidi,3.0,348.6689125,38.1927625,771.2877,838266.78,379.19523362790903,0.6666666666666666,4.0,521.3378729166667,37.0888,842.4685999999999,1740725.3199999998,373.6740983083245,FOREIGN,0,1,0,none,70.0
12,Khalil Nabulsi,3.0,75.72821388888889,34.92729166666667,156.23148333333333,178882.68,69.72004023371812,0.0,2.0,997.3211916666667,264.6446583333334,1729.997725,2393570.86,1036.161090272503,FOREIGN,0,1,0,none,83.0
13,Amer Haddad,5.0,38.487604999999995,20.45530833333333,83.723,125794.04999999999,27.635534857456516,0.0,7.0,327.25211190476193,46.56625,1220.8862666666666,2235532.64,400.54315028406694,FOREIGN,0,1,1,buyer,77.0
14,International Holdings Ltd,0.0,0.0,0.0,0.0,0.0,0.0,0.0,3.0,2350.5214277777777,184.63013333333333,6537.657,2467207.7600000002,3626.8869454373926,FOREIGN,1,1,0,none,75.0
15,International Holdings Ltd,7.0,500.25772976190467,2.2264833333333334,2877.2149666666664,1545669.91,1063.1952456618376,0.0,2.0,77.600775,39.83733333333333,115.36421666666666,117023.33,53.40557136688523,FOREIGN,1,1,1,seller,72.0
16,Sana Haddad,0.0,0.0,0.0,0.0,0.0,0.0,0.0,4.0,1315.9532916666667,243.39710000000002,2826.8713333333335,2261819.54,1268.8689686998364,FOREIGN,0,1,1,buyer,87.0
17,Omar Saleh,0.0,0.0,0.0,0.0,0.0,0.0,0.0,6.0,914.8512277777778,73.1648,2877.2149666666664,2017279.12,1082.3766005868547,FOREIGN,0,1,1,buyer,70.0
18,Bilal Awad,0.0,0.0,0.0,0.0,0.0,0.0,0.0,6.0,2335.3705777777777,219.59885,10136.590166666667,5170544.22,3897.7909158830457,FOREIGN,0,1,1,buyer,79.0
19,International Holdings Ltd,0.0,0.0,0.0,0.0,0.0,0.0,0.0,5.0,1678.8211683333334,8.937541666666666,6394.549366666667,2833323.08,2664.235428320722,FOREIGN,1,1,1,buyer,76.0
20,Al-Quds Development Corp,0.0,0.0,0.0,0.0,0.0,0.0,0.0,2.0,589.9683499999999,20.818466666666666,1159.1182333333331,360226.55,804.8994840330647,FOREIGN,1,1,0,none,72.0
21,Emirates Land Group,0.0,0.0,0.0,0.0,0.0,0.0,0.0,1.0,778.5599791666666,778.5599791666666,778.5599791666666,1868543.95,0.0,FOREIGN,1,1,0,none,83.0
22,Rana Barghouti,0.0,0.0,0.0,0.0,0.0,0.0,0.0,3.0,274.5696486111111,4.679250000000001,720.4770666666667,455476.98,389.0091540526665,FOREIGN,0,1,0,none,72.0
23,International Holdings Ltd,0.0,0.0,0.0,0.0,0.0,0.0,0.0,5.0,905.1274983333333,93.3571,3122.925975,4304245.12,1254.1273066959088,FOREIGN,1,1,1,buyer,77.0
24,Al-Quds Development Corp,0.0,0.0,0.0,0.0,0.0,0.0,0.0,2.0,348.5030583333333,29.26573333333333,667.7403833333333,409423.94999999995,451.4697546307075,FOREIGN,1,1,0,none,0.0
25,Jordan Real Estate LLC,0.0,0.0,0.0,0.0,0.0,0.0,0.0,3.0,137.86625833333332,20.45530833333333,202.62483333333333,227823.22999999998,101.86087769372928,FOREIGN,1,1,0,none,0.0
26,Hiba Saleh,0.0,0.0,0.0,0.0,0.0,0.0,0.0,5.0,220.04977833333334,102.94745,410.5683,1615209.71,154.82180252851737,FOREIGN,0,1,0,none,0.0
27,Al-Quds Development Corp,0.0,0.0,0.0,0.0,0.0,0.0,0.0,4.0,84.219178125,34.92729166666667,129.37742916666667,512385.23000000004,47.53977261972598,FOREIGN,1,1,0,none,0.0
28,Emirates Land Group,1.0,21.130399999999998,21.130399999999998,21.130399999999998,6339.12,0.0,1.0,4.0,1555.66634375,86.920025,3472.9586,3504061.7399999998,1536.150226130982,FOREIGN,1,1,0,none,0.0
29,International Holdings Ltd,0.0,0.0,0.0,0.0,0.0,0.0,0.0,3.0,49.592961111111116,33.322720833333335,72.97043333333333,269504.8,20.757404366990656,FOREIGN,1,1,0,none,0.0
30,Yousef Abu Ayyash,0.0,0.0,0.0,0.0,0.0,0.0,0.0,0.0,0.0,0.0,0.0,0.0,0.0,FOREIGN,0,1,0,none,0.0
31,Hassan Nassar,0.0,0.0,0.0,0.0,0.0,0.0,0.0,4.0,976.99258125,19.162491666666668,2301.7246333333333,2618012.2199999997,1145.0527103319516,FOREIGN,0,1,0,none,0.0
32,Emirates Land Group,0.0,0.0,0.0,0.0,0.0,0.0,0.0,2.0,393.03169375000004,205.37677916666667,580.6866083333334,1189728.2000000002,265.38412524971477,FOREIGN,1,1,0,none,0.0
33,Gulf Investment Co.,1.0,93.3571,93.3571,93.3571,28007.13,0.0,0.0,3.0,101.03404444444443,19.749650000000003,235.46779166666664,727445.1199999999,117.26985732298186,FOREIGN,1,1,1,seller,0.0
34,Bassam Abu Hamid,3.0,421.78120277777776,153.94149166666668,802.6523833333333,851571.06,338.8045750212329,0.0,5.0,418.0274283333333,39.12063333333334,1607.1743666666666,1281608.03,669.0913576441715,JR,0,0,0,none,0.0
35,Lina Abu Ayyash,0.0,0.0,0.0,0.0,0.0,0.0,0.0,6.0,248.70729513888887,67.92358333333334,829.8706083333333,2000605.3599999999,290.81710970069315,JR,0,0,1,buyer,63.0
36,Sana Odeh,0.0,0.0,0.0,0.0,0.0,0.0,0.0,2.0,406.0041770833334,321.5759208333333,490.4324333333334,1360301.13,119.39958503626106,JR,0,0,0,none,0.0
37,Hassan Mansour,5.0,752.712975,518.539225,1403.2985166666667,2569262.46,367.56761361779735,0.0,5.0,704.0653100000001,52.88175,2631.8151333333335,1805553.84,1109.5690848791937,JR,0,0,1,seller,67.0
38,Mahmoud Haddad,3.0,1215.5171944444444,104.87014166666667,2711.8108333333334,2061076.3199999998,1345.5769801468944,0.0,5.0,847.26343,162.10011666666668,1522.1407666666667,1776167.41,606.2886443257097,JR,0,0,1,seller,0.0
39,Sana Mansour,2.0,53.3747625,52.88175,53.867775,192740.76,0.6972249639194665,0.0,7.0,297.1183916666667,0.8469125,973.3588500000001,1615725.96,403.88693668774727,JR,0,0,0,none,59.0
40,Samer Abu Hamid,2.0,3655.72685,1176.0211666666667,6135.432533333334,2193436.11,3506.8334080636437,0.0,4.0,364.37965833333334,0.9096749999999999,775.7257666666667,1388062.1300000001,320.80328208090395,JR,0,0,0,none,0.0
41,Amer Rimawi,0.0,0.0,0.0,0.0,0.0,0.0,0.0,5.0,218.66691666666665,13.674966666666666,421.1749,1605821.3599999999,148.92031756603515,JR,0,0,0,none,65.0
42,Khaled Barakat,1.0,116.90434583333332,116.90434583333332,116.90434583333332,280570.43,0.0,0.0,10.0,270.553025,3.4702250000000006,802.6523833333333,2311061.15,270.47625280769336,JR,0,0,0,none,0.0
43,Khaled Barghouti,2.0,627.6732666666667,502.18103333333335,753.1655,1054452.91,177.47281835248899,0.0,8.0,77.219353125,12.081366666666666,210.48340833333333,959959.8200000001,72.68279806265585,JR,0,0,1,buyer,0.0
44,Layla Tamimi,2.0,213.94604791666666,25.599229166666667,402.29286666666667,182126.01,266.36262550607717,0.5,4.0,1093.7615375,32.44821666666667,3320.9772333333335,2241706.9400000004,1544.3312578442253,JR,0,0,0,none,63.0
45,Ahmad Jaber,0.0,0.0,0.0,0.0,0.0,0.0,0.0,7.0,452.70442499999996,103.910875,1534.0256166666666,2173093.63,494.20249914452245,JR,0,0,0,none,71.0
46,Tariq Daraghmeh,0.0,0.0,0.0,0.0,0.0,0.0,0.0,1.0,608.2016333333333,608.2016333333333,608.2016333333333,364920.98,0.0,JR,0,0,0,none,0.0
47,Walid Musleh,0.0,0.0,0.0,0.0,0.0,0.0,0.0,4.0,944.4918416666667,439.3639166666666,1418.4670333333333,1438462.46,507.58977097327625,JR,0,0,1,buyer,0.0
48,Sana Srour,0.0,0.0,0.0,0.0,0.0,0.0,0.0,3.0,149.5416888888889,39.96778333333333,308.7497333333333,269175.04,141.09782056744095,JR,0,0,0,none,70.0
49,Sana Abu Ayyash,0.0,0.0,0.0,0.0,0.0,0.0,0.0,3.0,113.4312013888889,25.599229166666667,196.86401666666669,462349.42,85.71710036930455,JR,0,0,0,none,68.0
50,Yousef Srour,5.0,296.49086833333337,72.97043333333333,948.0369666666668,795628.5800000001,368.1630790861911,0.2,6.0,299.7845048611111,28.888745833333335,817.4625833333333,1293420.24,377.8192441141885,JR,0,0,1,buyer,0.0
51,Rana Barghouti,1.0,103.72898333333333,103.72898333333333,103.72898333333333,248949.56,0.0,0.0,6.0,435.38054027777775,70.45578333333333,946.0759999999999,1123096.3599999999,340.114804090712,JR,0,0,1,buyer,50.0
52,Karim Irshaid,3.0,1002.6048944444443,108.44768333333333,1633.8383,999947.32,795.9590623892286,0.3333333333333333,6.0,378.3962041666667,21.067325,1176.0211666666667,1666033.6199999999,420.68121147669876,JR,0,0,1,seller,0.0
53,Nasser Zubaidi,1.0,353.29787500000003,353.29787500000003,353.29787500000003,423957.45,0.0,0.0,4.0,817.67224375,19.210483333333336,2791.4513666666667,1341834.23,1320.974167122968,JR,0,0,0,none,51.0
54,Ibrahim Odeh,1.0,282.7982333333333,282.7982333333333,282.7982333333333,169678.94,0.0,0.0,2.0,7406.268683333334,5349.358333333334,9463.179033333334,4443761.21,2908.9105135555897,WB,0,0,0,none,0.0
55,Ibrahim Shahin,0.0,0.0,0.0,0.0,0.0,0.0,0.0,2.0,5737.021133333334,5338.609733333333,6135.432533333334,5043795.6,563.4388052840524,WB,0,0,0,none,0.0
56,Rami Nabulsi,3.0,539.2640833333334,115.45359583333334,1345.9322166666666,3882701.4,698.8951221834053,0.0,4.0,2896.475403125,327.03910833333333,7311.57195,14252887.43,3126.5736143821396,WB,0,0,1,seller,0.0
57,Jad Tawil,2.0,445.9512979166667,311.2159875,580.6866083333334,1443742.3,190.54450332179903,0.5,1.0,1924.5722666666668,1924.5722666666668,1924.5722666666668,577371.68,0.0,WB,0,0,0,none,0.0
58,Nasser Saleh,1.0,1022.2633,1022.2633,1022.2633,306678.99,0.0,0.0,3.0,1773.4150499999998,213.91291666666666,3508.688933333333,4150733.07,1654.405945067296,WB,0,0,1,buyer,0.0
59,Samir Zubaidi,2.0,454.2307875,36.504375,871.9572000000001,2180307.7800000003,590.754357918958,0.5,2.0,572.0793,502.18103333333335,641.9775666666666,1691400.47,98.85107670637115,WB,0,0,1,seller,0.0
60,Samir Musleh,1.0,154.29755833333334,154.29755833333334,154.29755833333334,185157.07,0.0,0.0,2.0,2685.0058395833335,818.2446291666668,4551.76705,4694847.34,2639.999021483265,WB,0,0,0,none,0.0
61,Maryam Nabulsi,5.0,119.497685,4.040925,556.2296666666666,397479.41,244.22570934724502,0.0,2.0,4209.914425,2690.691416666667,5729.137433333333,3333156.08,2148.5057826542534,WB,0,0,0,none,56.0
62,Rami Tamimi,2.0,1073.3961708333334,549.1490416666667,1597.6433,2576150.81,741.3974001026598,0.0,2.0,1129.5608124999999,616.2093416666667,1642.9122833333333,2710945.95,725.9886123166763,WB,0,0,1,seller,0.0
63,Hassan Awad,1.0,1718.7183916666668,1718.7183916666668,1718.7183916666668,4124924.14,0.0,0.0,3.0,3816.451191666667,1080.0328166666666,8846.438300000002,5129410.13,4361.72061046793,WB,0,0,0,none,0.0
64,Reem Saleh,2.0,2069.81415,1737.1209333333334,2402.5073666666667,1241888.49,470.49925911953073,0.0,2.0,1983.6743395833332,380.9930791666667,3586.3556,3066196.75,2266.533574642456,WB,0,0,0,none,0.0
65,Hana Shahin,6.0,2201.1465069444444,46.56625,3735.4495833333335,19912995.65,1460.520207445717,0.3333333333333333,1.0,4315.864416666666,4315.864416666666,4315.864416666666,2589518.65,0.0,WB,0,0,0,none,0.0
66,Ziad Saleh,1.0,1539.8558,1539.8558,1539.8558,461956.74,0.0,0.0,1.0,1346.7146083333334,1346.7146083333334,1346.7146083333334,1616057.53,0.0,WB,0,0,0,none,0.0
67,Faris Awad,3.0,147.03868194444445,80.69917083333334,213.77893333333333,497910.9,66.54078629939517,0.0,4.0,417.56836666666663,36.504375,1326.22695,2012642.11,611.0436285153656,WB,0,0,1,buyer,0.0
68,Raed Nassar,8.0,2219.446273958333,210.45775833333335,7311.57195,12825167.51,2403.0630597403842,0.0,1.0,3908.9022999999997,3908.9022999999997,3908.9022999999997,1172670.69,0.0,WB,0,0,1,seller,0.0
69,Raed Shahin,3.0,6797.5553222222225,2671.4529916666665,13055.313033333334,19843754.93,5510.363267273675,0.0,2.0,2194.990375,21.130399999999998,4368.85035,5248959.54,3074.302259345037,WB,0,0,0,none,0.0
70,Sara Awad,6.0,626.3546194444444,0.9096749999999999,3483.4956666666667,4283772.54,1400.638977358963,0.16666666666666666,4.0,3185.0924677083335,205.0236875,7520.489133333334,8766032.05,3174.7663727343424,WB,0,0,0,none,0.0
71,Rana Jaber,0.0,0.0,0.0,0.0,0.0,0.0,0.0,0.0,0.0,0.0,0.0,0.0,0.0,WB,0,0,0,none,0.0
72,Mahmoud Tamimi,2.0,8744.3716,4169.7689666666665,13318.974233333334,6497553.65,6469.465086527675,0.0,2.0,692.0624895833333,38.1927625,1345.9322166666666,3321899.9499999997,924.7114360664442,WB,0,0,0,none,0.0
73,Khaled Barghouti,0.0,0.0,0.0,0.0,0.0,0.0,0.0,0.0,0.0,0.0,0.0,0.0,0.0,WB,0,0,0,none,0.0
74,Layla Shahin,2.0,767.2077666666668,192.72126666666665,1341.6942666666669,518141.04000000004,812.4465997002512,0.0,1.0,53.867775,53.867775,53.867775,129282.66,0.0,WB,0,0,1,seller,0.0
75,Nidal Zubaidi,2.0,567.7569625,414.2380583333333,721.2758666666667,2228147.75,217.1085163531555,0.0,4.0,3955.658307291667,1057.2660958333333,10520.422066666668,7719396.01,4416.443988202019,WB,0,0,0,none,0.0
76,Sara Haddad,6.0,96.83109583333334,17.767775,252.30559999999997,564845.1,87.45258312986842,0.16666666666666666,3.0,4582.4128013888885,178.69780416666666,13055.313033333334,8416030.82,7339.653009227531,WB,0,0,0,none,0.0
77,Hiba Rimawi,4.0,1763.8927,244.96775833333334,5518.1922583333335,8760646.27,2510.122674065219,0.0,5.0,3005.863815,375.53316666666666,6643.887000000001,9556889.4,3011.5625652466865,WB,0,0,1,seller,0.0
78,Ibrahim Srour,2.0,3802.1350708333334,756.6450083333333,6847.625133333334,3870235.56,4306.973350459985,0.0,3.0,3535.4110111111113,265.1469,5355.50895,6284195.75,2838.165410139671,WB,0,0,1,buyer,0.0
79,Ahmad Barakat,4.0,2582.7748979166668,70.46236666666667,9790.991833333333,3263810.54,4806.290549898299,0.0,1.0,3287.8630333333335,3287.8630333333335,3287.8630333333335,986358.91,0.0,WB,0,0,0,none,42.0
80,Rana Nabulsi,0.0,0.0,0.0,0.0,0.0,0.0,0.0,4.0,4494.358402083333,593.9642583333333,9330.870366666666,8754669.57,4522.889818875442,WB,0,0,0,none,0.0
81,Faris Shahin,0.0,0.0,0.0,0.0,0.0,0.0,0.0,3.0,8132.4947,1525.91475,21051.1211,8323154.13,11188.827844896816,WB,0,0,0,none,0.0
82,Yousef Nabulsi,2.0,174.52091875,47.065020833333335,301.97681666666665,294142.14,180.2498594381907,0.0,1.0,17896.212766666667,17896.212766666667,17896.212766666667,5368863.83,0.0,WB,0,0,0,none,0.0
83,Nidal Nabulsi,2.0,8987.396533333333,1418.4670333333333,16556.32603333333,5392437.92,10704.082751545808,0.0,2.0,6447.310877083333,676.0755541666667,12218.546199999999,5288145.1899999995,8161.759265315418,WB,0,0,0,none,0.0
84,Bassam Barakat,3.0,255.2374861111111,82.95144166666667,439.3639166666666,608740.07,178.5010059953488,0.6666666666666666,2.0,1007.4821729166667,296.2459541666667,1718.7183916666668,4835914.43,1005.8399066072075,WB,0,0,0,none,0.0
85,Maryam Jaber,4.0,250.0974625,148.696175,410.5683,2083362.05,117.84758089486044,0.0,2.0,4944.133154166666,749.7011416666667,9138.565166666665,3641210.92,5931.822638529375,WB,0,0,0,none,0.0
86,Samer Tawil,3.0,5618.047377777778,2253.2969,7392.843800000001,7894632.140000001,2915.4246703367376,0.0,2.0,145.07118333333332,80.6775,209.46486666666667,222491.91999999998,91.06642030115832,WB,0,0,1,buyer,0.0
87,Faris Zubaidi,0.0,0.0,0.0,0.0,0.0,0.0,0.0,1.0,16845.624966666666,16845.624966666666,16845.624966666666,5053687.49,0.0,WB,0,0,0,none,0.0
88,Wissam Nabulsi,3.0,3943.4720819444447,634.1504291666666,5931.65305,6660336.69,2885.2977378522373,0.0,0.0,0.0,0.0,0.0,0.0,0.0,WB,0,0,0,none,0.0
89,Samir Abu Hamid,1.0,109.24789166666666,109.24789166666666,109.24789166666666,262194.94,0.0,0.0,2.0,4747.179875000001,1968.2711666666667,7526.088583333334,5696615.850000001,3929.9703839217,WB,0,0,0,none,0.0
90,Bassam Awad,1.0,4985.577183333334,4985.577183333334,4985.577183333334,2991346.31,0.0,0.0,1.0,140.79025,140.79025,140.79025,168948.3,0.0,WB,0,0,0,none,0.0
91,Ahmad Odeh,5.0,824.603805,82.79665833333334,1216.5472,3952086.34,457.4044351922565,0.0,4.0,5020.103795833334,553.43715,13318.974233333334,6382006.62,6008.6815917428,WB,0,0,0,none,0.0
92,Bilal Zubaidi,4.0,5185.233811458333,1577.3477208333331,8169.442433333334,16980910.67,3481.3296550785135,0.0,1.0,425.31244166666664,425.31244166666664,425.31244166666664,510374.93,0.0,WB,0,0,0,none,0.0
93,Nidal Bishara,1.0,593.9642583333333,593.9642583333333,593.9642583333333,712757.11,0.0,0.0,0.0,0.0,0.0,0.0,0.0,0.0,WB,0,0,0,none,44.0
94,Nour Nabulsi,0.0,0.0,0.0,0.0,0.0,0.0,0.0,2.0,3054.7228562500004,2543.3854791666668,3566.0602333333336,7173943.220000001,723.1402536195358,WB,0,0,0,none,0.0
95,Sara Hamdan,3.0,307.8938486111111,61.634541666666664,683.3492,781802.39,330.3800728277986,0.0,0.0,0.0,0.0,0.0,0.0,0.0,WB,0,0,0,none,0.0
96,Walid Nabulsi,3.0,3830.798108333334,222.878125,5914.007250000001,7296617.220000001,3137.0041508384593,0.3333333333333333,4.0,2301.801696875,701.1577666666666,3149.9263416666668,12418551.17,1104.5959105110944,WB,0,0,1,buyer,0.0
97,Samer Barakat,1.0,425.31244166666664,425.31244166666664,425.31244166666664,510374.93,0.0,0.0,2.0,862.0332,78.65286666666667,1645.4135333333334,540815.78,1107.867091896356,WB,0,0,0,none,57.0
98,Amer Nassar,2.0,89.81548333333333,57.85445,121.77651666666667,284982.5,45.19972680745857,0.0,2.0,1050.1429,988.8302166666667,1111.4555833333334,1927044.83,86.70922831548681,WB,0,0,0,none,55.0
99,Rami Nabulsi,3.0,163.40189305555555,99.69124583333333,199.9958,356413.32,55.378146403728465,0.0,0.0,0.0,0.0,0.0,0.0,0.0,WB,0,0,0,none,0.0
100,Ziad Rimawi,6.0,720.6954680555556,48.9273,1977.5335333333335,3549465.97,769.2829404094734,0.0,0.0,0.0,0.0,0.0,0.0,0.0,WB,0,0,1,seller,37.0
101,Mohammed Barghouti,6.0,550.4395326388889,37.0888,1903.2321333333334,2179432.16,695.2130458371366,0.0,1.0,307.27043333333336,307.27043333333336,307.27043333333336,92181.13,0.0,WB,0,0,1,seller,0.0
102,Reem Abu Hamid,1.0,2690.691416666667,2690.691416666667,2690.691416666667,1614414.85,0.0,0.0,4.0,2308.9463979166667,1189.7229333333335,3175.62325,6476163.75,844.3069822991731,WB,0,0,0,none,0.0
103,Yousef Bishara,3.0,1416.3151444444445,863.9093166666667,2168.3085499999997,3279403.8,674.715303578144,0.3333333333333333,1.0,67.25635833333334,67.25635833333334,67.25635833333334,161415.26,0.0,WB,0,0,1,buyer,0.0
104,Hiba Rimawi,4.0,1716.1937479166666,421.1749,4128.449883333334,6821071.85,1646.0234571231708,0.0,0.0,0.0,0.0,0.0,0.0,0.0,WB,0,0,0,none,0.0
105,Wissam Hamdan,3.0,2064.6625722222225,147.00236666666666,5593.917033333334,2126418.94,3060.2527477141266,0.3333333333333333,2.0,374.1861479166667,4.040925,744.3313708333334,1796093.51,523.4643942963626,WB,0,0,0,none,0.0
106,Rami Mansour,7.0,2977.6008011904764,639.5030666666667,8985.678633333333,14431241.12,2927.927555281585,0.0,2.0,2672.6559687500003,80.69917083333334,5264.612766666667,1773061.84,3665.58045669889,WB,0,0,0,none,0.0
107,Ahmad Haddad,4.0,1253.3874489583334,34.09707083333333,3566.0602333333336,4112748.22,1619.616101884858,0.0,4.0,283.28948541666665,163.22926666666666,362.2957666666667,1976562.63,88.06219221346585,WB,0,0,1,seller,0.0
108,Layla Saleh,2.0,2326.5763374999997,1092.7757833333333,3560.3768916666663,4928117.739999999,1744.8574769659406,0.0,3.0,2161.8539652777777,230.28493333333333,5518.1922583333335,8529004.96,2917.698845837673,WB,0,0,0,none,40.0
109,Lina Bishara,0.0,0.0,0.0,0.0,0.0,0.0,0.0,4.0,1915.1172145833332,81.863775,5889.40605,4301918.08,2722.5023175854617,WB,0,0,0,none,0.0
110,Sana Saleh,1.0,321.5759208333333,321.5759208333333,321.5759208333333,771782.21,0.0,0.0,3.0,2895.627063888889,364.0331166666667,4472.276141666667,8113914.2700000005,2214.352041991966,WB,0,0,1,buyer,0.0
111,Hana Mansour,1.0,1069.6950708333334,1069.6950708333334,1069.6950708333334,2567268.17,0.0,0.0,0.0,0.0,0.0,0.0,0.0,0.0,WB,0,0,0,none,0.0
112,Hana Nabulsi,0.0,0.0,0.0,0.0,0.0,0.0,0.0,2.0,843.2270416666668,221.50546666666668,1464.9486166666668,1890841.62,879.2470833849615,WB,0,0,1,buyer,0.0
113,Sana Abu Hamid,3.0,3790.0958194444443,86.920025,9315.096266666666,4079795.61,4876.381136244062,0.3333333333333333,1.0,948.0369666666668,948.0369666666668,948.0369666666668,284411.09,0.0,WB,0,0,0,none,0.0
114,Nour Abu Hamid,2.0,1347.2056083333334,115.36421666666666,2579.047,1616646.73,1742.0868027875476,0.0,2.0,3572.1799125,2572.469258333333,4571.890566666666,5830097.449999999,1413.8043655713784,WB,0,0,0,none,0.0
115,Sara Zubaidi,2.0,1143.3554812500001,818.2446291666668,1468.4663333333335,3725946.71,459.7761762909233,0.0,0.0,0.0,0.0,0.0,0.0,0.0,WB,0,0,0,none,0.0
116,Sana Bishara,0.0,0.0,0.0,0.0,0.0,0.0,0.0,4.0,1099.8187312500002,210.45775833333335,3056.9246833333336,5825640.53,1341.3079054441648,WB,0,0,1,buyer,0.0
117,Reem Bishara,2.0,863.60061875,295.23160416666667,1431.9696333333334,1138146.74,803.7951688563815,0.0,3.0,4479.940888888889,695.9067333333332,9262.747966666668,5076297.19,4369.880169055931,WB,0,0,1,buyer,0.0
118,Rami Daraghmeh,2.0,4031.785875,1525.91475,6537.657,2876845.95,3543.8369305341257,0.0,2.0,3543.69555,34.565333333333335,7052.825766666667,2157326.13,4962.659544543238,WB,0,0,0,none,0.0
119,Lina Hamdan,1.0,451.83035,451.83035,451.83035,271098.21,0.0,0.0,3.0,1730.117927777778,584.16845,2593.7141916666665,8643389.91,1034.0991369340254,WB,0,0,0,none,0.0
120,Rami Tamimi,6.0,4537.947303472222,1189.7229333333335,8777.615916666666,25074953.16,3003.8732954831485,0.0,2.0,2820.646620833333,1513.1702750000002,4128.122966666666,3054241.2199999997,1849.0507807595145,WB,0,0,0,none,0.0
121,Yousef Srour,0.0,0.0,0.0,0.0,0.0,0.0,0.0,2.0,1355.6092291666666,512.4797416666667,2198.7387166666667,3253462.15,1192.365156059177,WB,0,0,0,none,0.0
122,Rami Tamimi,0.0,0.0,0.0,0.0,0.0,0.0,0.0,1.0,3113.857958333333,3113.857958333333,3113.857958333333,3736629.55,0.0,WB,0,0,0,none,0.0
123,Nidal Tawil,0.0,0.0,0.0,0.0,0.0,0.0,0.0,2.0,288.83782916666667,255.57968333333332,322.095975,539862.98,47.03412089688226,WB,0,0,1,buyer,0.0
124,Tariq Mansour,5.0,3366.9505799999997,213.91291666666666,9463.179033333334,5212290.54,4365.087751887514,0.2,2.0,11610.532908333334,493.70155,22727.364266666667,7114430.21,15721.573677569517,WB,0,0,1,seller,0.0
125,Wissam Srour,2.0,645.290525,396.48678333333334,894.0942666666667,774348.6300000001,351.86162583417195,0.0,0.0,0.0,0.0,0.0,0.0,0.0,WB,0,0,0,none,0.0
126,Bilal Nassar,2.0,4019.2841625000005,512.4797416666667,7526.088583333334,5130628.84,4959.370372532428,0.0,2.0,3725.3472208333333,2711.8108333333334,4738.8836083333335,6500203.58,1433.3569051611325,WB,0,0,0,none,0.0
127,Maryam Jaber,1.0,7387.247616666667,7387.247616666667,7387.247616666667,4432348.57,0.0,0.0,5.0,575.3052216666666,2.2264833333333334,1876.1288916666665,3023838.96,777.9966432151557,WB,0,0,1,buyer,0.0
128,Hana Zubaidi,5.0,842.5019049999999,67.85625833333333,2809.4417,3042696.33,1128.9696832092945,0.0,0.0,0.0,0.0,0.0,0.0,0.0,WB,0,0,0,none,0.0
129,Bilal Zubaidi,2.0,453.50478541666666,20.084845833333333,886.924725,1112513.2999999998,612.9483567616774,0.0,2.0,177.51703125,101.78401666666667,253.25004583333333,668870.52,107.10265634314939,WB,0,0,0,none,0.0
130,Mohammed Irshaid,3.0,344.6316222222222,255.57968333333332,448.9368,485655.88,97.57683953614645,0.0,2.0,9497.4241,6134.1556,12860.692599999998,5698454.46,4756.379926602214,WB,0,0,1,seller,0.0
131,Reem Abu Ayyash,4.0,4300.6503625000005,33.322720833333335,10520.422066666668,13506696.81,4575.406416324065,0.0,0.0,0.0,0.0,0.0,0.0,0.0,WB,0,0,0,none,0.0
132,Bassam Awad,1.0,13631.6654,13631.6654,13631.6654,4089499.62,0.0,0.0,4.0,4328.652023958333,295.23160416666667,8169.442433333334,11739699.59,4072.4660185524035,WB,0,0,0,none,0.0
133,Maryam Tawil,8.0,790.2018572916667,117.83035833333332,2251.2788333333333,4614892.75,783.2364251213048,0.0,0.0,0.0,0.0,0.0,0.0,0.0,WB,0,0,1,seller,0.0
134,Rana Abu Hamid,5.0,1110.775845,111.58501666666666,2629.719275,6184462.01,1003.3192078240049,0.0,1.0,320.7001666666667,320.7001666666667,320.7001666666667,96210.05,0.0,WB,0,0,0,none,0.0
135,Dina Saleh,2.0,1379.9813458333333,1237.0802333333334,1522.8824583333333,4796451.51,202.09269137570334,0.0,2.0,3924.553158333333,3720.656433333333,4128.449883333334,4709463.79,288.3535138184579,WB,0,0,0,none,0.0
136,Layla Hamdan,3.0,2463.8539277777777,1217.4845,4364.131333333333,3125697.67,1672.1373466263888,0.3333333333333333,4.0,476.468778125,69.55588333333333,1488.1303666666665,2412112.82,676.845980997821,WB,0,0,1,buyer,0.0
137,Wissam Jaber,2.0,494.28495208333334,197.5954375,790.9744666666667,948813.73,419.58233533764013,0.5,1.0,4694.876200000001,4694.876200000001,4694.876200000001,1408462.86,0.0,WB,0,0,0,none,53.0
138,Fatima Musleh,9.0,3715.031905555556,685.1532666666667,8846.438300000002,19022397.03,2847.3504463079425,0.0,2.0,29.30506666666667,9.682833333333333,48.9273,40975.78,27.750028504049425,WB,0,0,1,buyer,0.0
139,Hana Mansour,4.0,868.6859708333334,146.40413333333333,1513.1702750000002,4345377.62,733.5174967885874,0.25,3.0,1100.6674444444445,12.269166666666667,2836.2964,1867254.87,1519.1981820501865,WB,0,0,0,none,0.0
140,Rana Abu Ayyash,5.0,347.2027099999999,129.37742916666667,574.6072499999999,1759181.8699999999,197.17698016108753,0.2,2.0,990.7521624999999,338.5288,1642.9755249999998,2174687.9099999997,922.3831249440834,WB,0,0,1,seller,0.0
141,Hiba Nabulsi,5.0,18.863334166666668,0.8469125,52.355266666666665,81799.56,19.837811925930673,0.2,3.0,4203.656411111111,354.3969333333333,7208.001433333334,8204496.02,3504.0525093825463,WB,0,0,0,none,0.0
142,Omar Daraghmeh,0.0,0.0,0.0,0.0,0.0,0.0,0.0,5.0,2703.3173633333336,584.7947583333333,6921.349533333334,7586758.74,2515.508570261624,WB,0,0,0,none,0.0
143,Tariq Bishara,1.0,896.0071666666668,896.0071666666668,896.0071666666668,268802.15,0.0,0.0,5.0,1845.8181924999997,14.8884625,7265.484399999999,5999516.539999999,3055.5905992141575,WB,0,0,0,none,0.0
144,Khalil Tamimi,1.0,3908.9022999999997,3908.9022999999997,3908.9022999999997,1172670.69,0.0,0.0,4.0,4610.037858333333,554.36555,14497.545866666665,12813659.129999999,6617.367051349001,WB,0,0,0,none,0.0
145,Nidal Rimawi,3.0,2224.0837069444447,1057.2660958333333,3021.2708333333335,6556276.91,1032.8594646212036,0.0,1.0,451.83035,451.83035,451.83035,271098.21,0.0,WB,0,0,0,none,0.0
146,Nidal Jaber,3.0,81.34218888888888,39.83733333333333,102.94745,292831.88,35.9543752651898,0.0,1.0,2251.2788333333333,2251.2788333333333,2251.2788333333333,675383.65,0.0,WB,0,0,1,seller,0.0
147,Wissam Tamimi,2.0,2661.643010416667,771.5189708333334,4551.76705,4582705.76,2673.0390513461707,0.0,0.0,0.0,0.0,0.0,0.0,0.0,WB,0,0,0,none,0.0
148,Maryam Tamimi,9.0,3323.7603106481483,737.0847041666667,7355.723499999999,18769075.42,1970.4306048139183,0.1111111111111111,3.0,2095.390790277778,634.1504291666666,4364.131333333333,5922137.890000001,1991.7911020592064,WB,0,0,0,none,0.0
149,Omar Hamdan,4.0,907.2434718750001,512.5799499999999,1467.6167791666667,5218864.3100000005,425.40214479490817,0.25,1.0,103.85109166666666,103.85109166666666,103.85109166666666,124621.31,0.0,WB,0,0,1,seller,0.0
150,Rana Barghouti,6.0,3825.7533166666667,490.4324333333334,9899.7994,9749080.76,3968.2617371174706,0.16666666666666666,2.0,424.48171666666667,236.52627500000003,612.4371583333333,1753680.71,265.80913472682505,WB,0,0,1,seller,0.0
151,Ziad Daraghmeh,4.0,986.90305,264.28426666666667,2301.7246333333333,1598764.65,899.409877867137,0.0,3.0,2913.655033333334,154.7174,6300.227800000001,4512357.87,3120.4597280805924,WB,0,0,1,buyer,0.0
152,Ibrahim Abu Ayyash,2.0,1553.7468770833334,210.48340833333333,2897.0103458333333,7457985.01,1899.6614153465782,0.0,3.0,7653.008366666666,4786.809833333333,9186.536633333335,9643668.52,2484.2315730226555,WB,0,0,0,none,0.0
153,Faris Abu Ayyash,1.0,122.45807500000001,122.45807500000001,122.45807500000001,293899.38,0.0,0.0,1.0,2865.352041666667,2865.352041666667,2865.352041666667,6876844.9,0.0,WB,0,0,0,none,0.0
154,Nasser Saleh,0.0,0.0,0.0,0.0,0.0,0.0,0.0,2.0,662.4783729166667,230.69280416666666,1094.2639416666666,3179896.19,610.6370073632304,WB,0,0,1,buyer,0.0
155,Reem Nabulsi,4.0,7830.379670833333,3104.97005,14497.545866666665,10327946.62,5133.3573783898355,0.0,1.0,3119.9628,3119.9628,3119.9628,935988.84,0.0,WB,0,0,0,none,0.0
156,Hiba Rimawi,5.0,3334.6467900000002,51.6188,11136.791766666665,10024290.06,4898.539146142403,0.0,2.0,510.4925833333333,368.9241083333333,652.0610583333333,1667891.13,200.20805734947643,WB,0,0,1,seller,0.0
157,Khaled Shahin,0.0,0.0,0.0,0.0,0.0,0.0,0.0,3.0,1888.3777458333334,342.28078750000003,3154.5439,3068822.19,1426.8766221447088,WB,0,0,0,none,0.0
158,Mahmoud Qasim,7.0,4545.048580952381,1562.3885833333334,7863.14695,16070542.78,2594.4607860135616,0.42857142857142855,3.0,2030.1879166666668,721.2758666666667,3735.4495833333335,4462483.32,1545.6812616237853,WB,0,0,1,buyer,0.0
159,Hassan Irshaid,4.0,2502.534790625,124.31350833333333,5889.40605,8936735.129999999,2760.483241029429,0.25,0.0,0.0,0.0,0.0,0.0,0.0,WB,0,0,0,none,55.0
160,Bassam Irshaid,7.0,1321.8852267857144,238.513175,3720.656433333333,6915985.7,1168.8993344331625,0.42857142857142855,2.0,2871.9966791666666,2858.256933333333,2885.736425,10322700.35,19.43093490105942,WB,0,0,0,none,0.0
161,Wissam Awad,5.0,1359.2717216666665,14.8884625,3346.3004333333333,5872160.1,1508.5279044277834,0.2,1.0,1468.4663333333335,1468.4663333333335,1468.4663333333335,1762159.6,0.0,WB,0,0,0,none,0.0
162,Faris Nassar,3.0,2475.64175,734.8957833333333,3537.4855666666663,2448546.31,1519.6409017814249,0.0,2.0,4240.9363229166665,1089.0288458333334,7392.843800000001,4831522.37,4457.470301436416,WB,0,0,0,none,0.0
163,Rami Haddad,3.0,2580.180863888889,1060.9470916666667,5568.500733333333,4550151.67,2588.0823844913293,0.6666666666666666,2.0,1998.6354395833332,133.5632625,3863.7076166666666,2638776.4,2637.6103676359644,WB,0,0,0,none,53.0
164,Bassam Nabulsi,6.0,1241.0448812500001,230.69280416666666,3287.8630333333335,4146475.0,1166.8060386858624,0.16666666666666666,1.0,7893.154533333333,7893.154533333333,7893.154533333333,2367946.36,0.0,WB,0,0,1,seller,0.0
165,Mahmoud Irshaid,3.0,517.7814555555556,209.27743333333333,751.0692333333333,879673.77,278.6174818780308,0.0,4.0,7151.834648958333,81.29505,23332.277966666665,14070666.62,10981.618738135418,WB,0,0,1,seller,0.0
166,Ibrahim Shahin,1.0,336.45556666666664,336.45556666666664,336.45556666666664,100936.67,0.0,0.0,1.0,5310.846299999999,5310.846299999999,5310.846299999999,3186507.78,0.0,WB,0,0,0,none,0.0
167,Layla Nabulsi,0.0,0.0,0.0,0.0,0.0,0.0,0.0,4.0,4513.22825625,108.44768333333333,11905.832400000001,9234771.47,5359.933271271906,WB,0,0,0,none,0.0
168,Yousef Barakat,3.0,382.12905555555557,100.87118333333333,842.4685999999999,556920.1499999999,401.9258216339166,0.3333333333333333,3.0,5656.841094444445,4066.9913166666665,7309.614933333333,6311254.38,1622.2273447150183,WB,0,0,0,none,0.0
169,Amer Abu Ayyash,6.0,9361.802772222223,168.66631666666666,22727.364266666667,19320220.62,10373.497913029469,0.0,2.0,2080.0076833333337,89.05663333333334,4070.958733333334,4992018.44,2815.6299769309544,WB,0,0,1,seller,0.0
170,Dina Haddad,8.0,386.9208401041667,28.888745833333335,1504.19075,2975701.07,478.73002968552385,0.125,3.0,1032.218213888889,82.95144166666667,2058.1379833333335,3815527.3,989.821817340194,WB,0,0,0,none,0.0
171,Karim Daraghmeh,2.0,2808.8235083333334,268.2886833333333,5349.358333333334,1765780.71,3592.858805196158,0.0,1.0,144.16478333333333,144.16478333333333,144.16478333333333,86498.87,0.0,WB,0,0,1,seller,0.0
172,Hana Srour,2.0,1033.222875,500.31916666666666,1566.1265833333332,2029447.65,753.639651763916,0.5,4.0,1821.7331708333331,244.28723333333332,4394.754233333333,7829623.19,1875.6453926122467,WB,0,0,0,none,0.0
173,Layla Qasim,8.0,3136.1807307291665,89.05663333333334,22529.5458,11591961.55,7842.561951988836,0.0,1.0,1110.8208666666667,1110.8208666666667,1110.8208666666667,666492.52,0.0,WB,0,0,0,none,0.0
174,Lina Daraghmeh,1.0,2459.112333333333,2459.112333333333,2459.112333333333,1475467.4,0.0,0.0,6.0,2912.521851388889,272.75576666666666,5931.65305,13850469.51,2304.397373194092,WB,0,0,0,none,0.0
175,Rana Hamdan,2.0,1913.0009479166667,676.0755541666667,3149.9263416666668,5402492.9399999995,1749.2766674849308,0.0,3.0,4215.127433333333,209.27743333333333,8290.202016666666,7712795.84,4040.9070222641235,WB,0,0,1,buyer,0.0
176,Layla Musleh,0.0,0.0,0.0,0.0,0.0,0.0,0.0,0.0,0.0,0.0,0.0,0.0,0.0,WB,0,0,0,none,0.0
177,Raed Jaber,1.0,99.90755,99.90755,99.90755,59944.53,0.0,0.0,1.0,6566.878066666666,6566.878066666666,6566.878066666666,1970063.42,0.0,WB,0,0,0,none,0.0
178,Omar Tamimi,2.0,2205.3027395833333,778.5599791666666,3632.0454999999997,2958157.5999999996,2017.718961798877,0.0,1.0,197.5954375,197.5954375,197.5954375,474229.05,0.0,WB,0,0,0,none,0.0
179,Rami Bishara,2.0,226.1601208333333,76.64473333333332,375.6755083333333,496797.44999999995,211.44668878596872,0.0,1.0,858.9902666666666,858.9902666666666,858.9902666666666,2061576.64,0.0,WB,0,0,0,none,0.0
180,Wissam Jaber,2.0,3072.5769625,2374.0413083333333,3771.1126166666663,5111517.14,987.8785959236618,0.0,3.0,8044.645249999999,262.69568333333336,22529.5458,7791841.66,12555.887760061076,WB,0,0,0,none,0.0
181,Dina Jaber,1.0,4977.68585,4977.68585,4977.68585,2986611.51,0.0,0.0,3.0,2388.3221916666666,444.77579999999995,4245.6199,8597959.89,1901.8893486895477,WB,0,0,0,none,0.0
182,Dina Rimawi,5.0,840.76625,47.88469166666666,2491.4809,3569350.49,1014.1774299379545,0.0,2.0,693.60636875,375.04429583333336,1012.1684416666666,2114708.44,450.5148039764367,WB,0,0,0,none,0.0
183,Khaled Jaber,1.0,3056.9246833333336,3056.9246833333336,3056.9246833333336,3668309.62,0.0,0.0,0.0,0.0,0.0,0.0,0.0,0.0,WB,0,0,0,none,0.0
184,Raed Tawil,0.0,0.0,0.0,0.0,0.0,0.0,0.0,2.0,4072.995120833333,3326.940975,4819.049266666667,6883758.73,1055.079891302175,WB,0,0,0,none,0.0
185,Lina Rimawi,3.0,2418.1464444444446,322.095975,4066.9913166666665,9703554.860000001,1912.0813044034865,0.3333333333333333,0.0,0.0,0.0,0.0,0.0,0.0,WB,0,0,0,none,0.0
186,Rami Musleh,7.0,1296.2115357142854,110.1824,4394.754233333333,14195268.41,1465.9824739351009,0.0,3.0,2035.2268416666666,443.8398583333333,3792.0116333333335,2763767.86,1680.2026321184494,WB,0,0,1,buyer,0.0
187,Dina Tawil,1.0,91.87303333333334,91.87303333333334,91.87303333333334,110247.64,0.0,0.0,7.0,1270.2819607142858,111.58501666666666,2828.539375,7544511.12,1030.7428606898986,WB,0,0,1,buyer,0.0
188,Rami Srour,1.0,1734.626,1734.626,1734.626,520387.8,0.0,0.0,3.0,575.265875,72.22875,1431.9696333333334,1004766.3200000001,745.6767953356396,WB,0,0,0,none,0.0
189,Dina Bishara,0.0,0.0,0.0,0.0,0.0,0.0,0.0,4.0,3887.64100625,252.58735833333336,10464.48,6645651.66,4813.512345462118,WB,0,0,0,none,0.0
190,Mohammed Nassar,0.0,0.0,0.0,0.0,0.0,0.0,0.0,3.0,1613.3171041666667,1467.6167791666667,1809.94595,6483114.140000001,176.7557664591535,WB,0,0,0,none,0.0
191,Ziad Awad,2.0,2807.469575,1110.8208666666667,4504.118283333333,3368963.49,2399.4236139077934,0.0,1.0,171.88046666666668,171.88046666666668,171.88046666666668,103128.28,0.0,WB,0,0,0,none,0.0
192,Rami Odeh,3.0,3874.2265875,1142.1139333333333,9330.870366666666,6243798.58,4725.593652593803,0.0,1.0,1069.6950708333334,1069.6950708333334,1069.6950708333334,2567268.17,0.0,WB,0,0,0,none,0.0
193,Karim Hamdan,0.0,0.0,0.0,0.0,0.0,0.0,0.0,1.0,192.72126666666665,192.72126666666665,192.72126666666665,115632.76,0.0,WB,0,0,1,buyer,0.0
194,Lina Shahin,4.0,868.0428979166667,81.863775,1605.4713666666667,2221868.57,807.4997692342461,0.0,2.0,1441.7775979166665,11.9587125,2871.5964833333333,1751658.7999999998,2022.0692594934324,WB,0,0,1,buyer,0.0
195,Sana Jaber,3.0,4131.266106944445,296.2459541666667,6454.6255,4340256.0,3345.9301168729703,0.0,3.0,303.6133263888889,46.484633333333335,556.2296666666666,1087184.82,254.90247301211812,WB,0,0,0,none,0.0
196,Hana Tamimi,2.0,129.62014791666667,98.55262916666666,160.68766666666667,332938.91000000003,43.936106365530435,0.5,3.0,556.8107472222222,20.7167,1137.1355916666666,1992088.67,559.5221693416107,WB,0,0,0,none,0.0
197,Khaled Saleh,0.0,0.0,0.0,0.0,0.0,0.0,0.0,2.0,390.2019291666667,67.85625833333333,712.5476,1017912.14,455.8656194647534,WB,0,0,0,none,0.0
198,Faris Jaber,2.0,7988.641216666667,5840.692266666666,10136.590166666667,4793184.7299999995,3037.6585363750496,0.0,2.0,876.2827416666667,147.09411666666668,1605.4713666666667,569897.88,1031.2284430031889,WB,0,0,0,none,0.0
199,Rana Srour,0.0,0.0,0.0,0.0,0.0,0.0,0.0,3.0,7873.989418055556,437.681275,20711.134266666668,12674124.32,11163.78080631229,WB,0,0,0,none,52.0
200,Faris Rimawi,4.0,4311.052078125,42.485729166666665,16845.624966666666,5369311.8100000005,8356.66085899836,0.25,1.0,354.2493,354.2493,354.2493,850198.32,0.0,WB,0,0,0,none,0.0
201,Reem Tamimi,1.0,734.0653,734.0653,734.0653,440439.18,0.0,0.0,3.0,3760.5822305555553,241.90149166666666,9315.096266666666,4409941.82,4867.153045347028,WB,0,0,1,seller,42.0
202,Lina Abu Hamid,2.0,601.8218916666667,230.28493333333333,973.3588500000001,722186.27,525.4326053978476,0.0,1.0,688.230275,688.230275,688.230275,825876.33,0.0,WB,0,0,0,none,0.0
203,Hassan Rimawi,6.0,675.4780923611112,35.01133333333333,2208.4125,3186156.37,865.5140822803008,0.0,1.0,3771.1126166666663,3771.1126166666663,3771.1126166666663,2262667.57,0.0,WB,0,0,0,none,0.0
204,Ziad Shahin,2.0,1049.42515,453.43676666666664,1645.4135333333334,629655.09,842.854854726815,0.5,1.0,148.696175,148.696175,148.696175,356870.82,0.0,WB,0,0,0,none,0.0
205,Bassam Abu Ayyash,1.0,196.86401666666669,196.86401666666669,196.86401666666669,118118.41,0.0,0.0,3.0,4698.6442263888885,54.05770833333333,13270.356,5962490.83,7431.9828924180465,WB,0,0,0,none,0.0
206,Rana Mansour,2.0,3040.9990166666666,2577.7069083333336,3504.2911249999997,7298397.64,655.1939829454249,1.0,2.0,1828.2977083333333,1403.2985166666667,2253.2969,2193957.25,601.0396208526023,WB,0,0,0,none,0.0
207,Ibrahim Barghouti,1.0,73.1648,73.1648,73.1648,43898.88,0.0,0.0,1.0,2960.392783333333,2960.392783333333,2960.392783333333,7104942.68,0.0,WB,0,0,1,seller,0.0
208,Samer Srour,0.0,0.0,0.0,0.0,0.0,0.0,0.0,1.0,282.7982333333333,282.7982333333333,282.7982333333333,169678.94,0.0,WB,0,0,0,none,0.0
209,Dina Haddad,5.0,592.3570433333333,73.5082,1876.1288916666665,3241375.72,785.2863897899454,0.0,3.0,5640.929094444444,3404.8734,7387.247616666667,7293010.470000001,2035.85558765474,WB,0,0,1,seller,0.0
210,Hiba Odeh,5.0,1975.8896733333336,250.16659166666665,4571.890566666666,5936634.52,1981.8662802353733,0.0,1.0,8633.1847,8633.1847,8633.1847,2589955.41,0.0,WB,0,0,1,seller,0.0
211,Reem Bishara,4.0,2303.6463635416667,36.591320833333334,4657.635233333333,11101412.13,2554.575427211055,0.0,4.0,3909.927229166666,207.49288333333334,12808.008133333333,7115947.649999999,6017.658939817882,WB,0,0,0,none,42.0
212,Samir Barghouti,3.0,116.29722222222222,34.565333333333335,167.23221666666666,330413.53,71.49448939541956,0.0,1.0,23103.270066666664,23103.270066666664,23103.270066666664,6930981.02,0.0,WB,0,0,1,seller,0.0
213,Reem Haddad,3.0,832.0654888888889,69.55588333333333,2013.06785,1373646.06,1037.1411817990331,0.0,0.0,0.0,0.0,0.0,0.0,0.0,WB,0,0,0,none,0.0
214,Yousef Awad,0.0,0.0,0.0,0.0,0.0,0.0,0.0,3.0,2325.9971416666667,996.7161000000001,3071.0928750000003,7476545.220000001,1153.999179817401,WB,0,0,1,buyer,0.0
215,Yousef Irshaid,7.0,2988.5751494047618,195.43184166666666,8633.1847,7712722.140000001,3345.4821643160694,0.0,2.0,381.77422916666666,182.75629166666667,580.7921666666666,393545.19999999995,281.45386636802095,WB,0,0,1,buyer,0.0
216,Khalil Mansour,0.0,0.0,0.0,0.0,0.0,0.0,0.0,2.0,2875.7815416666667,1562.65185,4188.911233333333,4388528.96,1857.0458191098005,WB,0,0,0,none,0.0
217,Hiba Odeh,0.0,0.0,0.0,0.0,0.0,0.0,0.0,2.0,893.7414541666667,569.9984083333333,1217.4845,1414488.79,457.84180614147454,WB,0,0,0,none,0.0
218,Rami Haddad,3.0,1095.321776388889,26.768545833333334,2995.9083833333334,1940776.06,1650.1992298586867,0.3333333333333333,3.0,10268.319294444444,1303.2415500000002,22145.992833333334,11839176.879999999,10722.288979554922,WB,0,0,0,none,0.0
219,Maryam Abu Hamid,2.0,10138.304412499998,485.80669166666667,19790.80213333333,7103176.699999999,13650.693187577886,0.0,2.0,342.72887083333336,77.37444166666667,608.0833,368123.65,375.26783256327076,WB,0,0,1,buyer,0.0
220,Ziad Barakat,0.0,0.0,0.0,0.0,0.0,0.0,0.0,2.0,232.78306875,83.723,381.8431375,941540.43,210.80277083451597,WB,0,0,0,none,0.0
221,Nour Bishara,3.0,1639.651961111111,232.84601666666666,3863.7076166666666,4571405.1899999995,1948.5152828043294,0.3333333333333333,2.0,5226.9482,3483.4956666666667,6970.400733333333,6271315.02,2465.61421799373,WB,0,0,0,none,0.0
222,Layla Odeh,0.0,0.0,0.0,0.0,0.0,0.0,0.0,0.0,0.0,0.0,0.0,0.0,0.0,WB,0,0,0,none,0.0
223,Khalil Abu Hamid,3.0,767.5180152777779,209.1920166666667,1826.2326958333333,4794266.489999999,917.3313274294749,0.0,1.0,1216.7275666666667,1216.7275666666667,1216.7275666666667,1460073.08,0.0,WB,0,0,0,none,0.0
224,Hassan Rimawi,4.0,968.2379416666666,15.048491666666665,2662.0269083333333,4557362.9799999995,1211.1177639599925,0.0,2.0,2118.7683541666665,700.0511416666667,3537.4855666666663,1901307.04,2006.369123089652,WB,0,0,1,seller,0.0
225,Bilal Tamimi,1.0,7893.154533333333,7893.154533333333,7893.154533333333,2367946.36,0.0,0.0,1.0,1216.5472,1216.5472,1216.5472,364964.16,0.0,WB,0,0,0,none,0.0
226,Omar Qasim,4.0,3250.5286937500005,142.56350833333332,11905.832400000001,5501073.71,5773.026711708901,0.0,0.0,0.0,0.0,0.0,0.0,0.0,WB,0,0,0,none,0.0
227,Samir Tawil,1.0,988.8302166666667,988.8302166666667,988.8302166666667,593298.13,0.0,1.0,0.0,0.0,0.0,0.0,0.0,0.0,WB,0,0,0,none,0.0
228,Walid Abu Ayyash,2.0,557.72335,545.4482916666666,569.9984083333333,1993073.9899999998,17.359553973920843,0.0,5.0,1104.558555,83.03435833333333,2579.047,3627023.72,1218.4195100971847,WB,0,0,0,none,0.0
229,Nour Srour,9.0,5636.6632337962965,150.9197,19338.912633333333,20917741.03,6889.817385463885,0.1111111111111111,2.0,3715.9032625,2186.1199666666666,5245.686558333334,8918167.83,2163.440284459313,WB,0,0,0,none,0.0
230,Reem Odeh,4.0,2371.8985583333333,485.6562666666667,5338.609733333333,8764734.76,2097.1623353050213,0.0,3.0,609.8848916666667,146.63794166666668,1237.0802333333334,3412519.9899999998,563.4051865321956,WB,0,0,0,none,0.0
231,Ziad Odeh,2.0,9149.046766666668,4070.958733333334,14227.134800000002,9153290.920000002,7181.500967664518,0.0,1.0,311.2159875,311.2159875,311.2159875,746918.37,0.0,WB,0,0,0,none,0.0
232,Samer Srour,1.0,284.39640833333334,284.39640833333334,284.39640833333334,682551.38,0.0,1.0,4.0,1661.107920833333,545.4482916666666,2809.4417,10046808.469999999,1247.9387182753928,WB,0,0,0,none,0.0
233,Yousef Nabulsi,5.0,2806.2354491666665,11.9587125,5048.570866666667,8440232.030000001,1973.5557436518072,0.0,2.0,866.9748166666667,596.4431666666667,1137.5064666666667,699117.8400000001,382.5895284811713,WB,0,0,1,seller,0.0
234,Khaled Daraghmeh,1.0,257.2097333333333,257.2097333333333,257.2097333333333,308651.68,0.0,0.0,1.0,1064.8462291666667,1064.8462291666667,1064.8462291666667,2555630.95,0.0,WB,0,0,0,none,0.0
235,Faris Zubaidi,1.0,109.56306666666666,109.56306666666666,109.56306666666666,32868.92,0.0,0.0,0.0,0.0,0.0,0.0,0.0,0.0,WB,0,0,0,none,0.0
236,Rana Saleh,7.0,1093.760305952381,34.52033333333333,2791.4513666666667,12276339.29,1155.7398656795642,0.14285714285714285,3.0,3600.442318055555,180.4857375,7006.264749999999,8974416.379999999,3412.911456877996,WB,0,0,1,seller,0.0
237,Nasser Tamimi,0.0,0.0,0.0,0.0,0.0,0.0,0.0,0.0,0.0,0.0,0.0,0.0,0.0,WB,0,0,0,none,0.0
238,Nasser Nassar,5.0,5095.344888333334,1145.7963916666665,13977.744466666667,14122665.88,5645.576540663756,0.0,3.0,3643.099572222222,353.29787500000003,9899.7994,4205339.0,5420.8658191775385,WB,0,0,0,none,0.0
239,Walid Odeh,0.0,0.0,0.0,0.0,0.0,0.0,0.0,5.0,5417.475788333333,1270.0426,11136.791766666665,18220017.61,4656.74279028063,WB,0,0,0,none,0.0
240,Hiba Odeh,1.0,787.2487333333333,787.2487333333333,787.2487333333333,472349.24,0.0,1.0,0.0,0.0,0.0,0.0,0.0,0.0,WB,0,0,0,none,0.0
241,Mahmoud Bishara,5.0,8007.310699999999,641.9775666666666,17294.790233333333,13359118.94,6231.934490912086,0.0,1.0,518.539225,518.539225,518.539225,622247.07,0.0,WB,0,0,0,none,60.0
242,Bassam Srour,1.0,29.26573333333333,29.26573333333333,29.26573333333333,8779.72,0.0,0.0,1.0,3346.3004333333333,3346.3004333333333,3346.3004333333333,1003890.13,0.0,WB,0,0,0,none,0.0
243,Raed Barakat,0.0,0.0,0.0,0.0,0.0,0.0,0.0,2.0,1976.6139624999998,448.9368,3504.2911249999997,4339830.39,2160.4617621351463,WB,0,0,1,buyer,45.0
244,Dina Bishara,4.0,8281.154890625001,1106.1315541666665,21166.536633333333,13690545.200000001,9367.670684190412,0.25,5.0,3023.3950733333336,706.5944166666667,5969.338466666667,6817426.9399999995,2632.994518256814,WB,0,0,0,none,0.0
245,Ibrahim Zubaidi,3.0,669.7919166666667,8.937541666666666,1287.8906083333334,3956719.63,640.5476352520499,0.3333333333333333,3.0,2171.274801388889,1504.19075,2993.1952333333334,7537883.8,756.481537384985,WB,0,0,0,none,0.0
246,Nidal Abu Hamid,1.0,205.0236875,205.0236875,205.0236875,492056.85,0.0,0.0,2.0,1269.458177083333,156.4064375,2382.5099166666664,1804881.4,1574.0928657417162,WB,0,0,0,none,0.0
247,Mohammed Nassar,4.0,1001.2810125,444.77579999999995,2261.7825,1817167.51,847.6928263217999,0.0,2.0,7051.0289875,124.31350833333333,13977.744466666667,4342499.55,9795.854973337151,WB,0,0,1,seller,0.0
248,Hiba Irshaid,1.0,7097.8124333333335,7097.8124333333335,7097.8124333333335,2129343.73,0.0,0.0,0.0,0.0,0.0,0.0,0.0,0.0,WB,0,0,0,none,0.0
249,Raed Irshaid,2.0,5281.636333333334,1376.7360333333334,9186.536633333335,5924942.79,5522.362963974768,0.0,3.0,3184.2839333333336,1734.626,5840.692266666666,2865855.54,2303.720890752524,WB,0,0,0,none,0.0
250,Samir Hamdan,5.0,1408.2115583333336,182.25081666666668,4694.876200000001,3145714.91,1886.5735236205908,0.0,3.0,3673.861166666667,755.9291833333333,7863.14695,6345755.4,3720.2676596296683,WB,0,0,0,none,0.0
251,Nour Tamimi,2.0,787.4084333333333,437.681275,1137.1355916666666,1889780.24,494.5888904452028,0.0,1.0,2577.7069083333336,2577.7069083333336,2577.7069083333336,3093248.29,0.0,WB,0,0,0,none,0.0
252,Layla Daraghmeh,1.0,554.36555,554.36555,554.36555,332619.33,0.0,0.0,0.0,0.0,0.0,0.0,0.0,0.0,WB,0,0,0,none,0.0
253,Dina Nassar,0.0,0.0,0.0,0.0,0.0,0.0,0.0,1.0,5128.559783333333,5128.559783333333,5128.559783333333,3077135.87,0.0,WB,0,0,0,none,0.0
254,Jad Zubaidi,8.0,6355.3415203125,342.28078750000003,12808.008133333333,19270856.14,4872.027157747536,0.125,2.0,1575.123875,154.33936666666665,2995.9083833333334,1843846.84,2009.2927208945898,WB,0,0,0,none,0.0
255,Nidal Nabulsi,8.0,2059.087213020833,133.5632625,5729.137433333333,19346123.78,1904.611258605542,0.25,1.0,286.8891,286.8891,286.8891,86066.73,0.0,WB,0,0,0,none,0.0
256,Walid Jaber,2.0,2190.3551624999996,252.58735833333336,4128.122966666666,1844646.5499999998,2740.417509382431,0.0,3.0,2460.2645125,106.05452083333334,4169.7689666666665,4619374.26,2107.172915752526,WB,0,0,0,none,0.0
257,Dina Odeh,5.0,1393.4756133333333,20.7167,2826.8713333333335,2646559.47,1257.915276136355,0.0,0.0,0.0,0.0,0.0,0.0,0.0,WB,0,0,1,seller,0.0
258,Fatima Tawil,0.0,0.0,0.0,0.0,0.0,0.0,0.0,3.0,5118.136695833334,1106.1315541666665,9667.840933333333,6929199.29,4306.106955426515,WB,0,0,0,none,52.0
259,Hana Nassar,1.0,224.74548333333334,224.74548333333334,224.74548333333334,134847.29,0.0,0.0,2.0,1575.6673125,375.6755083333333,2775.6591166666667,2116206.08,1697.0446841890591,WB,0,0,1,seller,0.0
260,Khaled Jaber,4.0,2690.0329520833334,103.910875,8206.447366666667,4327009.53,3800.8859109949562,0.0,1.0,100.87118333333333,100.87118333333333,100.87118333333333,60522.71,0.0,WB,0,0,0,none,0.0
261,Fatima Barakat,1.0,5450.1326,5450.1326,5450.1326,1635039.78,0.0,0.0,1.0,8206.447366666667,8206.447366666667,8206.447366666667,2461934.21,0.0,WB,0,0,0,none,0.0
262,Ahmad Nabulsi,2.0,122.31467500000001,24.124399999999998,220.50495,558161.16,138.86201859814386,0.0,0.0,0.0,0.0,0.0,0.0,0.0,WB,0,0,0,none,0.0
263,Hana Zubaidi,2.0,404.7039166666666,296.1802666666667,513.2275666666666,331676.43,153.47561766823088,0.0,3.0,180.69714722222218,24.124399999999998,414.2380583333333,774984.51,206.13160915753392,WB,0,0,0,none,0.0
264,Faris Barakat,8.0,3291.507567708333,52.73224166666667,9642.959416666667,18602339.44,3527.0450822560606,0.375,2.0,8708.624154166666,122.45807500000001,17294.790233333333,5482336.45,12142.67251794532,WB,0,0,0,none,0.0
265,Dina Daraghmeh,3.0,278.98133055555553,240.7932,354.2493,1575237.8199999998,65.18632905619067,0.0,1.0,500.31916666666666,500.31916666666666,500.31916666666666,150095.75,0.0,WB,0,0,0,none,0.0
266,Khalil Rimawi,0.0,0.0,0.0,0.0,0.0,0.0,0.0,1.0,1076.9652,1076.9652,1076.9652,1292358.24,0.0,WB,0,0,0,none,0.0
267,Sana Mansour,0.0,0.0,0.0,0.0,0.0,0.0,0.0,1.0,1173.9231583333333,1173.9231583333333,1173.9231583333333,2817415.58,0.0,WB,0,0,0,none,0.0
268,Nour Srour,2.0,9769.594145833333,1642.9755249999998,17896.212766666667,7340434.46,11492.774269816238,0.0,2.0,4953.222714583333,115.45359583333334,9790.991833333333,3214386.1799999997,6841.638699365986,WB,0,0,1,buyer,0.0
269,Mahmoud Abu Ayyash,5.0,1337.0529533333333,364.0331166666667,3508.688933333333,3652207.05,1378.6856898370843,0.0,1.0,16556.32603333333,16556.32603333333,16556.32603333333,4966897.81,0.0,WB,0,0,1,seller,0.0
270,Rami Srour,0.0,0.0,0.0,0.0,0.0,0.0,0.0,1.0,3871.2704750000003,3871.2704750000003,3871.2704750000003,4645524.57,0.0,WB,0,0,0,none,0.0
271,Bassam Tawil,0.0,0.0,0.0,0.0,0.0,0.0,0.0,1.0,756.5238833333334,756.5238833333334,756.5238833333334,453914.33,0.0,WB,0,0,0,none,0.0
272,Sana Zubaidi,2.0,6067.412266666666,5128.559783333333,7006.264749999999,7280894.72,1327.7379149976598,0.5,1.0,1451.2700666666667,1451.2700666666667,1451.2700666666667,1741524.08,0.0,WB,0,0,0,none,0.0
273,Ziad Haddad,0.0,0.0,0.0,0.0,0.0,0.0,0.0,2.0,505.88899791666665,303.79494166666666,707.9830541666666,2063713.26,285.80415522374113,WB,0,0,0,none,0.0
274,Mahmoud Daraghmeh,2.0,3587.1369875,1365.863075,5808.4109,5124082.23,3141.3556928030475,0.5,0.0,0.0,0.0,0.0,0.0,0.0,WB,0,0,0,none,0.0
275,Nasser Hamdan,0.0,0.0,0.0,0.0,0.0,0.0,0.0,0.0,0.0,0.0,0.0,0.0,0.0,WB,0,0,0,none,0.0
276,Samer Barakat,0.0,0.0,0.0,0.0,0.0,0.0,0.0,2.0,2271.832525,1046.6724916666667,3496.9925583333334,6708405.050000001,1732.6379352174733,WB,0,0,0,none,0.0
277,Raed Zubaidi,2.0,3024.655325,2198.7387166666667,3850.5719333333336,4948829.62,1168.0224688941878,0.0,1.0,10003.360933333333,10003.360933333333,10003.360933333333,3001008.28,0.0,WB,0,0,0,none,0.0
278,Reem Hamdan,2.0,355.4545375,54.05770833333333,656.8513666666666,326793.91000000003,426.2394834637468,0.0,4.0,1924.0448854166666,34.09707083333333,5450.1326,6481994.17,2492.4218576100443,WB,0,0,1,buyer,0.0
279,Hana Tawil,3.0,109.6279472222222,83.03435833333333,144.06546666666665,333590.2,31.262509192626403,0.3333333333333333,3.0,1715.0976833333334,213.77893333333333,4714.5275,1803009.55,2597.5829132368167,WB,0,0,0,none,46.0
280,Wissam Rimawi,2.0,1209.2347166666666,946.0759999999999,1472.3934333333334,725540.8300000001,372.16262616669883,0.5,0.0,0.0,0.0,0.0,0.0,0.0,WB,0,0,0,none,0.0
281,Sara Musleh,5.0,3232.9922475,375.04429583333336,8290.202016666666,16129892.42,3104.1699060596343,0.2,1.0,19338.912633333333,19338.912633333333,19338.912633333333,5801673.79,0.0,WB,0,0,0,none,0.0
282,Yousef Tamimi,4.0,6122.265068749999,109.43230833333332,23332.277966666665,8020825.07,11476.81278154676,0.0,2.0,1058.33920625,290.44571666666667,1826.2326958333333,4731493.33,1085.965387426753,WB,0,0,0,none,0.0
283,Maryam Jaber,6.0,2659.9481638888888,612.4371583333333,6970.400733333333,15641371.34,2316.7104343700607,0.0,4.0,2043.6942260416668,99.69124583333333,6654.6391,5644722.46,3115.887792069732,WB,0,0,0,none,0.0
284,Sara Tamimi,3.0,369.9197777777777,61.885533333333335,695.9067333333332,462887.42,317.3916277874059,0.0,4.0,5477.696722916666,267.12933333333336,19790.80213333333,9271665.0,9548.810457438227,WB,0,0,1,seller,0.0
285,Ahmad Odeh,2.0,5692.372791666667,5084.517783333333,6300.227800000001,9881558.02,859.6367967414116,0.0,1.0,222.878125,222.878125,222.878125,534907.5,0.0,WB,0,0,0,none,0.0
286,Bassam Irshaid,3.0,1441.2303472222222,418.54535833333335,3320.9772333333335,2701804.17,1630.0135027068397,0.0,1.0,176.48071666666667,176.48071666666667,176.48071666666667,423553.72,0.0,WB,0,0,0,none,39.0
287,Dina Mansour,2.0,727.1654916666666,678.6052166666667,775.7257666666667,1279761.72,68.6745994975671,0.0,1.0,4667.9576,4667.9576,4667.9576,1400387.28,0.0,WB,0,0,0,none,0.0
288,Rana Hamdan,2.0,2810.2810562499994,309.71581249999997,5310.846299999999,3929825.7299999995,3536.3332813100337,0.0,0.0,0.0,0.0,0.0,0.0,0.0,WB,0,0,0,none,0.0
289,Amer Tawil,8.0,8473.256963541666,120.21672500000001,23103.270066666664,24830063.8,10926.034561185363,0.25,3.0,408.85991111111116,121.77651666666667,871.9572000000001,2518244.32,404.880763546185,WB,0,0,0,none,0.0
290,Rana Awad,1.0,221.50546666666668,221.50546666666668,221.50546666666668,132903.28,0.0,1.0,0.0,0.0,0.0,0.0,0.0,0.0,WB,0,0,1,seller,0.0
291,Nidal Rimawi,0.0,0.0,0.0,0.0,0.0,0.0,0.0,6.0,6479.384609722222,485.80669166666667,21166.536633333333,15563283.98,7963.86433617009,WB,0,0,0,none,45.0
292,Rami Irshaid,0.0,0.0,0.0,0.0,0.0,0.0,0.0,2.0,3549.965366666667,252.30559999999997,6847.625133333334,2129979.22,4663.595166112096,WB,0,0,0,none,0.0
293,Ziad Zubaidi,3.0,1339.4454055555555,329.27715,2871.5964833333333,2608568.02,1349.1465628987155,0.0,4.0,1457.1812729166668,0.6836166666666667,4337.331166666667,3558406.89,1951.947455014561,WB,0,0,1,buyer,0.0
294,Nidal Musleh,2.0,957.99756875,191.24620416666667,1724.7489333333333,1493840.25,1084.3501787618277,0.5,2.0,2038.5629645833333,1683.3105333333333,2393.8153958333332,6755143.2700000005,502.4028063397655,WB,0,0,1,seller,0.0
295,Wissam Awad,0.0,0.0,0.0,0.0,0.0,0.0,0.0,3.0,310.19041944444444,104.87014166666667,674.5442666666667,747109.01,316.38727744855606,WB,0,0,0,none,0.0
296,Nasser Hamdan,1.0,13270.356,13270.356,13270.356,3981106.8,0.0,0.0,4.0,5826.146955208334,402.29286666666667,14227.134800000002,10303806.56,6315.7004880537725,WB,0,0,0,none,0.0
297,Tariq Barakat,4.0,857.6438583333334,67.92358333333334,2961.2741833333334,2010541.71,1407.2317869974456,0.25,4.0,969.3797593749999,115.6817,2629.719275,5907450.99,1146.340059318537,WB,0,0,1,seller,0.0
298,Amer Haddad,1.0,219.59885,219.59885,219.59885,263518.62,0.0,0.0,5.0,4225.934980833334,1015.4808166666667,13631.6654,13142706.52,5327.401937852157,WB,0,0,1,seller,52.0
299,Hassan Barakat,3.0,3875.1540194444447,1099.5524833333334,6654.6391,9280842.26,2777.545344563319,0.0,3.0,604.53635,144.06546666666665,863.9093166666667,1174604.71,399.8425579668338,WB,0,0,0,none,0.0
300,Ahmad Musleh,0.0,0.0,0.0,0.0,0.0,0.0,0.0,1.0,896.0071666666668,896.0071666666668,896.0071666666668,268802.15,0.0,WB,0,0,0,none,0.0
